data/images/img-1/img_1.jpg,0
data/images/img-1/img_2.jpg,0
data/images/img-1/img_3.jpg,0
data/images/img-1/img_4.jpg,0
data/images/img-1/img_5.jpg,0
data/images/img-1/img_6.jpg,0
data/images/img-1/img_7.jpg,0
data/images/img-1/img_8.jpg,0
data/images/img-1/img_9.jpg,0
data/images/img-1/img_10.jpg,0
data/images/img-1/img_11.jpg,0
data/images/img-1/img_12.jpg,0
data/images/img-1/img_13.jpg,0
data/images/img-1/img_14.jpg,0
data/images/img-1/img_15.jpg,0
data/images/img-1/img_16.jpg,0
data/images/img-1/img_17.jpg,0
data/images/img-1/img_18.jpg,0
data/images/img-1/img_19.jpg,0
data/images/img-1/img_20.jpg,0
data/images/img-1/img_21.jpg,0
data/images/img-1/img_22.jpg,0
data/images/img-1/img_23.jpg,0
data/images/img-1/img_24.jpg,0
data/images/img-1/img_25.jpg,0
data/images/img-1/img_26.jpg,0
data/images/img-1/img_27.jpg,0
data/images/img-1/img_28.jpg,0
data/images/img-1/img_29.jpg,0
data/images/img-1/img_30.jpg,0
data/images/img-1/img_31.jpg,0
data/images/img-1/img_32.jpg,0
data/images/img-1/img_33.jpg,0
data/images/img-1/img_34.jpg,0
data/images/img-1/img_35.jpg,0
data/images/img-1/img_36.jpg,0
data/images/img-1/img_37.jpg,0
data/images/img-1/img_38.jpg,0
data/images/img-1/img_39.jpg,0
data/images/img-1/img_40.jpg,0
data/images/img-1/img_41.jpg,0
data/images/img-1/img_42.jpg,0
data/images/img-1/img_43.jpg,0
data/images/img-1/img_44.jpg,0
data/images/img-1/img_45.jpg,0
data/images/img-1/img_46.jpg,0
data/images/img-1/img_47.jpg,0
data/images/img-1/img_48.jpg,0
data/images/img-1/img_49.jpg,0
data/images/img-1/img_50.jpg,0
data/images/img-1/img_51.jpg,0
data/images/img-1/img_52.jpg,0
data/images/img-1/img_53.jpg,1
data/images/img-1/img_54.jpg,1
data/images/img-1/img_55.jpg,1
data/images/img-1/img_56.jpg,1
data/images/img-1/img_57.jpg,1
data/images/img-1/img_58.jpg,1
data/images/img-1/img_59.jpg,1
data/images/img-1/img_60.jpg,1
data/images/img-1/img_61.jpg,1
data/images/img-1/img_62.jpg,1
data/images/img-1/img_63.jpg,1
data/images/img-1/img_64.jpg,1
data/images/img-1/img_65.jpg,1
data/images/img-1/img_66.jpg,1
data/images/img-1/img_67.jpg,1
data/images/img-1/img_68.jpg,1
data/images/img-1/img_69.jpg,1
data/images/img-1/img_70.jpg,1
data/images/img-1/img_71.jpg,1
data/images/img-1/img_72.jpg,1
data/images/img-1/img_73.jpg,1
data/images/img-1/img_74.jpg,1
data/images/img-1/img_75.jpg,1
data/images/img-1/img_76.jpg,1
data/images/img-1/img_77.jpg,1
data/images/img-1/img_78.jpg,1
data/images/img-1/img_79.jpg,1
data/images/img-1/img_80.jpg,1
data/images/img-1/img_81.jpg,1
data/images/img-1/img_82.jpg,1
data/images/img-1/img_83.jpg,1
data/images/img-1/img_84.jpg,1
data/images/img-1/img_85.jpg,1
data/images/img-1/img_86.jpg,1
data/images/img-1/img_87.jpg,1
data/images/img-1/img_88.jpg,1
data/images/img-1/img_89.jpg,1
data/images/img-1/img_90.jpg,1
data/images/img-1/img_91.jpg,1
data/images/img-1/img_92.jpg,1
data/images/img-1/img_93.jpg,1
data/images/img-1/img_94.jpg,1
data/images/img-1/img_95.jpg,1
data/images/img-1/img_96.jpg,1
data/images/img-1/img_97.jpg,1
data/images/img-1/img_98.jpg,1
data/images/img-1/img_99.jpg,1
data/images/img-1/img_100.jpg,1
data/images/img-1/img_101.jpg,2
data/images/img-1/img_102.jpg,2
data/images/img-1/img_103.jpg,2
data/images/img-1/img_104.jpg,2
data/images/img-1/img_105.jpg,2
data/images/img-1/img_106.jpg,2
data/images/img-1/img_107.jpg,2
data/images/img-1/img_108.jpg,2
data/images/img-1/img_109.jpg,2
data/images/img-1/img_110.jpg,2
data/images/img-1/img_111.jpg,2
data/images/img-1/img_112.jpg,2
data/images/img-1/img_113.jpg,2
data/images/img-1/img_114.jpg,2
data/images/img-1/img_115.jpg,2
data/images/img-1/img_116.jpg,2
data/images/img-1/img_117.jpg,2
data/images/img-1/img_118.jpg,2
data/images/img-1/img_119.jpg,2
data/images/img-1/img_120.jpg,2
data/images/img-1/img_121.jpg,2
data/images/img-1/img_122.jpg,2
data/images/img-1/img_123.jpg,2
data/images/img-1/img_124.jpg,2
data/images/img-1/img_125.jpg,2
data/images/img-1/img_126.jpg,2
data/images/img-1/img_127.jpg,2
data/images/img-1/img_128.jpg,2
data/images/img-1/img_129.jpg,2
data/images/img-1/img_130.jpg,2
data/images/img-1/img_131.jpg,2
data/images/img-1/img_132.jpg,2
data/images/img-1/img_133.jpg,2
data/images/img-1/img_134.jpg,2
data/images/img-1/img_135.jpg,2
data/images/img-1/img_136.jpg,2
data/images/img-1/img_137.jpg,2
data/images/img-1/img_138.jpg,2
data/images/img-1/img_139.jpg,2
data/images/img-1/img_140.jpg,2
data/images/img-1/img_141.jpg,2
data/images/img-1/img_142.jpg,2
data/images/img-1/img_143.jpg,2
data/images/img-1/img_144.jpg,2
data/images/img-1/img_145.jpg,2
data/images/img-1/img_146.jpg,2
data/images/img-1/img_147.jpg,2
data/images/img-1/img_148.jpg,2
data/images/img-1/img_149.jpg,2
data/images/img-1/img_150.jpg,2
data/images/img-1/img_151.jpg,2
data/images/img-1/img_152.jpg,3
data/images/img-1/img_153.jpg,3
data/images/img-1/img_154.jpg,3
data/images/img-1/img_155.jpg,3
data/images/img-1/img_156.jpg,3
data/images/img-1/img_157.jpg,3
data/images/img-1/img_158.jpg,3
data/images/img-1/img_159.jpg,3
data/images/img-1/img_160.jpg,3
data/images/img-1/img_161.jpg,3
data/images/img-1/img_162.jpg,3
data/images/img-1/img_163.jpg,3
data/images/img-1/img_164.jpg,3
data/images/img-1/img_165.jpg,3
data/images/img-1/img_166.jpg,3
data/images/img-1/img_167.jpg,3
data/images/img-1/img_168.jpg,3
data/images/img-1/img_169.jpg,3
data/images/img-1/img_170.jpg,3
data/images/img-1/img_171.jpg,3
data/images/img-1/img_172.jpg,3
data/images/img-1/img_173.jpg,3
data/images/img-1/img_174.jpg,3
data/images/img-1/img_175.jpg,3
data/images/img-1/img_176.jpg,3
data/images/img-1/img_177.jpg,3
data/images/img-1/img_178.jpg,3
data/images/img-1/img_179.jpg,3
data/images/img-1/img_180.jpg,3
data/images/img-1/img_181.jpg,3
data/images/img-1/img_182.jpg,3
data/images/img-1/img_183.jpg,3
data/images/img-1/img_184.jpg,3
data/images/img-1/img_185.jpg,3
data/images/img-1/img_186.jpg,3
data/images/img-1/img_187.jpg,3
data/images/img-1/img_188.jpg,3
data/images/img-1/img_189.jpg,3
data/images/img-1/img_190.jpg,3
data/images/img-1/img_191.jpg,3
data/images/img-1/img_192.jpg,3
data/images/img-1/img_193.jpg,3
data/images/img-1/img_194.jpg,3
data/images/img-1/img_195.jpg,3
data/images/img-1/img_196.jpg,3
data/images/img-1/img_197.jpg,3
data/images/img-1/img_198.jpg,3
data/images/img-1/img_199.jpg,3
data/images/img-1/img_200.jpg,3
data/images/img-1/img_201.jpg,4
data/images/img-1/img_202.jpg,4
data/images/img-1/img_203.jpg,4
data/images/img-1/img_204.jpg,4
data/images/img-1/img_205.jpg,4
data/images/img-1/img_206.jpg,4
data/images/img-1/img_207.jpg,4
data/images/img-1/img_208.jpg,4
data/images/img-1/img_209.jpg,4
data/images/img-1/img_210.jpg,4
data/images/img-1/img_211.jpg,4
data/images/img-1/img_212.jpg,4
data/images/img-1/img_213.jpg,4
data/images/img-1/img_214.jpg,4
data/images/img-1/img_215.jpg,4
data/images/img-1/img_216.jpg,4
data/images/img-1/img_217.jpg,4
data/images/img-1/img_218.jpg,4
data/images/img-1/img_219.jpg,4
data/images/img-1/img_220.jpg,4
data/images/img-1/img_221.jpg,4
data/images/img-1/img_222.jpg,4
data/images/img-1/img_223.jpg,4
data/images/img-1/img_224.jpg,4
data/images/img-1/img_225.jpg,4
data/images/img-1/img_226.jpg,4
data/images/img-1/img_227.jpg,4
data/images/img-1/img_228.jpg,4
data/images/img-1/img_229.jpg,4
data/images/img-1/img_230.jpg,4
data/images/img-1/img_231.jpg,4
data/images/img-1/img_232.jpg,4
data/images/img-1/img_233.jpg,4
data/images/img-1/img_234.jpg,4
data/images/img-1/img_235.jpg,4
data/images/img-1/img_236.jpg,4
data/images/img-1/img_237.jpg,4
data/images/img-1/img_238.jpg,4
data/images/img-1/img_239.jpg,4
data/images/img-1/img_240.jpg,4
data/images/img-1/img_241.jpg,4
data/images/img-1/img_242.jpg,4
data/images/img-1/img_243.jpg,4
data/images/img-1/img_244.jpg,4
data/images/img-1/img_245.jpg,4
data/images/img-1/img_246.jpg,4
data/images/img-1/img_247.jpg,4
data/images/img-1/img_248.jpg,4
data/images/img-1/img_249.jpg,4
data/images/img-1/img_250.jpg,4
data/images/img-1/img_251.jpg,4
data/images/img-1/img_252.jpg,5
data/images/img-1/img_253.jpg,5
data/images/img-1/img_254.jpg,5
data/images/img-1/img_255.jpg,5
data/images/img-1/img_256.jpg,5
data/images/img-1/img_257.jpg,5
data/images/img-1/img_258.jpg,5
data/images/img-1/img_259.jpg,5
data/images/img-1/img_260.jpg,5
data/images/img-1/img_261.jpg,5
data/images/img-1/img_262.jpg,5
data/images/img-1/img_263.jpg,5
data/images/img-1/img_264.jpg,5
data/images/img-1/img_265.jpg,5
data/images/img-1/img_266.jpg,5
data/images/img-1/img_267.jpg,5
data/images/img-1/img_268.jpg,5
data/images/img-1/img_269.jpg,5
data/images/img-1/img_270.jpg,5
data/images/img-1/img_271.jpg,5
data/images/img-1/img_272.jpg,5
data/images/img-1/img_273.jpg,5
data/images/img-1/img_274.jpg,5
data/images/img-1/img_275.jpg,5
data/images/img-1/img_276.jpg,5
data/images/img-1/img_277.jpg,5
data/images/img-1/img_278.jpg,5
data/images/img-1/img_279.jpg,5
data/images/img-1/img_280.jpg,5
data/images/img-1/img_281.jpg,5
data/images/img-1/img_282.jpg,5
data/images/img-1/img_283.jpg,5
data/images/img-1/img_284.jpg,5
data/images/img-1/img_285.jpg,5
data/images/img-1/img_286.jpg,5
data/images/img-1/img_287.jpg,5
data/images/img-1/img_288.jpg,5
data/images/img-1/img_289.jpg,5
data/images/img-1/img_290.jpg,5
data/images/img-1/img_291.jpg,5
data/images/img-1/img_292.jpg,5
data/images/img-1/img_293.jpg,5
data/images/img-1/img_294.jpg,5
data/images/img-1/img_295.jpg,5
data/images/img-1/img_296.jpg,5
data/images/img-1/img_297.jpg,5
data/images/img-1/img_298.jpg,5
data/images/img-1/img_299.jpg,5
data/images/img-1/img_300.jpg,5
data/csv/images/img-1/img_0.jpg,6
data/csv/images/img-2/img_0.jpg,6
data/csv/images/img-2/img_1.jpg,6
data/csv/images/img-2/img_2.jpg,6
data/csv/images/img-2/img_3.jpg,6
data/csv/images/img-2/img_4.jpg,6
data/csv/images/img-2/img_5.jpg,6
data/csv/images/img-2/img_6.jpg,6
data/csv/images/img-2/img_7.jpg,6
data/csv/images/img-2/img_8.jpg,6
data/csv/images/img-2/img_9.jpg,6
data/csv/images/img-2/img_10.jpg,6
data/csv/images/img-2/img_11.jpg,6
data/csv/images/img-2/img_12.jpg,6
data/csv/images/img-2/img_13.jpg,6
data/csv/images/img-2/img_14.jpg,6
data/csv/images/img-2/img_15.jpg,6
data/csv/images/img-2/img_16.jpg,6
data/csv/images/img-2/img_17.jpg,6
data/csv/images/img-2/img_18.jpg,6
data/csv/images/img-2/img_19.jpg,6
data/csv/images/img-2/img_20.jpg,6
data/csv/images/img-2/img_21.jpg,6
data/csv/images/img-2/img_22.jpg,6
data/csv/images/img-2/img_23.jpg,6
data/csv/images/img-2/img_24.jpg,6
data/csv/images/img-2/img_25.jpg,6
data/csv/images/img-2/img_26.jpg,6
data/csv/images/img-2/img_27.jpg,6
data/csv/images/img-2/img_28.jpg,6
data/csv/images/img-2/img_29.jpg,6
data/csv/images/img-2/img_30.jpg,6
data/csv/images/img-2/img_31.jpg,6
data/csv/images/img-2/img_32.jpg,6
data/csv/images/img-2/img_33.jpg,6
data/csv/images/img-2/img_34.jpg,6
data/csv/images/img-2/img_35.jpg,6
data/csv/images/img-2/img_36.jpg,6
data/csv/images/img-2/img_37.jpg,6
data/csv/images/img-2/img_38.jpg,6
data/csv/images/img-2/img_39.jpg,6
data/csv/images/img-2/img_40.jpg,6
data/csv/images/img-2/img_41.jpg,6
data/csv/images/img-2/img_42.jpg,6
data/csv/images/img-2/img_43.jpg,6
data/csv/images/img-2/img_44.jpg,6
data/csv/images/img-2/img_45.jpg,6
data/csv/images/img-2/img_46.jpg,6
data/csv/images/img-2/img_47.jpg,6
data/csv/images/img-2/img_48.jpg,6
data/csv/images/img-2/img_49.jpg,6
data/csv/images/img-2/img_50.jpg,6
data/csv/images/img-2/img_51.jpg,7
data/csv/images/img-2/img_52.jpg,7
data/csv/images/img-2/img_53.jpg,7
data/csv/images/img-2/img_54.jpg,7
data/csv/images/img-2/img_55.jpg,7
data/csv/images/img-2/img_56.jpg,7
data/csv/images/img-2/img_57.jpg,7
data/csv/images/img-2/img_58.jpg,7
data/csv/images/img-2/img_59.jpg,7
data/csv/images/img-2/img_60.jpg,7
data/csv/images/img-2/img_61.jpg,7
data/csv/images/img-2/img_62.jpg,7
data/csv/images/img-2/img_63.jpg,7
data/csv/images/img-2/img_64.jpg,7
data/csv/images/img-2/img_65.jpg,7
data/csv/images/img-2/img_66.jpg,7
data/csv/images/img-2/img_67.jpg,7
data/csv/images/img-2/img_68.jpg,7
data/csv/images/img-2/img_69.jpg,7
data/csv/images/img-2/img_70.jpg,7
data/csv/images/img-2/img_71.jpg,7
data/csv/images/img-2/img_72.jpg,7
data/csv/images/img-2/img_73.jpg,7
data/csv/images/img-2/img_74.jpg,7
data/csv/images/img-2/img_75.jpg,7
data/csv/images/img-2/img_76.jpg,7
data/csv/images/img-2/img_77.jpg,7
data/csv/images/img-2/img_78.jpg,7
data/csv/images/img-2/img_79.jpg,7
data/csv/images/img-2/img_80.jpg,7
data/csv/images/img-2/img_81.jpg,7
data/csv/images/img-2/img_82.jpg,7
data/csv/images/img-2/img_83.jpg,7
data/csv/images/img-2/img_84.jpg,7
data/csv/images/img-2/img_85.jpg,7
data/csv/images/img-2/img_86.jpg,7
data/csv/images/img-2/img_87.jpg,7
data/csv/images/img-2/img_88.jpg,7
data/csv/images/img-2/img_89.jpg,7
data/csv/images/img-2/img_90.jpg,7
data/csv/images/img-2/img_91.jpg,7
data/csv/images/img-2/img_92.jpg,7
data/csv/images/img-2/img_93.jpg,7
data/csv/images/img-2/img_94.jpg,7
data/csv/images/img-2/img_95.jpg,7
data/csv/images/img-2/img_96.jpg,7
data/csv/images/img-2/img_97.jpg,7
data/csv/images/img-2/img_98.jpg,7
data/csv/images/img-2/img_99.jpg,7
data/csv/images/img-2/img_100.jpg,7
data/csv/images/img-2/img_101.jpg,8
data/csv/images/img-2/img_102.jpg,8
data/csv/images/img-2/img_103.jpg,8
data/csv/images/img-2/img_104.jpg,8
data/csv/images/img-2/img_105.jpg,8
data/csv/images/img-2/img_106.jpg,8
data/csv/images/img-2/img_107.jpg,8
data/csv/images/img-2/img_108.jpg,8
data/csv/images/img-2/img_109.jpg,8
data/csv/images/img-2/img_110.jpg,8
data/csv/images/img-2/img_111.jpg,8
data/csv/images/img-2/img_112.jpg,8
data/csv/images/img-2/img_113.jpg,8
data/csv/images/img-2/img_114.jpg,8
data/csv/images/img-2/img_115.jpg,8
data/csv/images/img-2/img_116.jpg,8
data/csv/images/img-2/img_117.jpg,8
data/csv/images/img-2/img_118.jpg,8
data/csv/images/img-2/img_119.jpg,8
data/csv/images/img-2/img_120.jpg,8
data/csv/images/img-2/img_121.jpg,8
data/csv/images/img-2/img_122.jpg,8
data/csv/images/img-2/img_123.jpg,8
data/csv/images/img-2/img_124.jpg,8
data/csv/images/img-2/img_125.jpg,8
data/csv/images/img-2/img_126.jpg,8
data/csv/images/img-2/img_127.jpg,8
data/csv/images/img-2/img_128.jpg,8
data/csv/images/img-2/img_129.jpg,8
data/csv/images/img-2/img_130.jpg,8
data/csv/images/img-2/img_131.jpg,8
data/csv/images/img-2/img_132.jpg,8
data/csv/images/img-2/img_133.jpg,8
data/csv/images/img-2/img_134.jpg,8
data/csv/images/img-2/img_135.jpg,8
data/csv/images/img-2/img_136.jpg,8
data/csv/images/img-2/img_137.jpg,8
data/csv/images/img-2/img_138.jpg,8
data/csv/images/img-2/img_139.jpg,8
data/csv/images/img-2/img_140.jpg,8
data/csv/images/img-2/img_141.jpg,8
data/csv/images/img-2/img_142.jpg,8
data/csv/images/img-2/img_143.jpg,8
data/csv/images/img-2/img_144.jpg,8
data/csv/images/img-2/img_145.jpg,8
data/csv/images/img-2/img_146.jpg,8
data/csv/images/img-2/img_147.jpg,8
data/csv/images/img-2/img_148.jpg,8
data/csv/images/img-2/img_149.jpg,8
data/csv/images/img-2/img_150.jpg,8
data/csv/images/img-2/img_151.jpg,9
data/csv/images/img-2/img_152.jpg,9
data/csv/images/img-2/img_153.jpg,9
data/csv/images/img-2/img_154.jpg,9
data/csv/images/img-2/img_155.jpg,9
data/csv/images/img-2/img_156.jpg,9
data/csv/images/img-2/img_157.jpg,9
data/csv/images/img-2/img_158.jpg,9
data/csv/images/img-2/img_159.jpg,9
data/csv/images/img-2/img_160.jpg,9
data/csv/images/img-2/img_161.jpg,9
data/csv/images/img-2/img_162.jpg,9
data/csv/images/img-2/img_163.jpg,9
data/csv/images/img-2/img_164.jpg,9
data/csv/images/img-2/img_165.jpg,9
data/csv/images/img-2/img_166.jpg,9
data/csv/images/img-2/img_167.jpg,9
data/csv/images/img-2/img_168.jpg,9
data/csv/images/img-2/img_169.jpg,9
data/csv/images/img-2/img_170.jpg,9
data/csv/images/img-2/img_171.jpg,9
data/csv/images/img-2/img_172.jpg,9
data/csv/images/img-2/img_173.jpg,9
data/csv/images/img-2/img_174.jpg,9
data/csv/images/img-2/img_175.jpg,9
data/csv/images/img-2/img_176.jpg,9
data/csv/images/img-2/img_177.jpg,9
data/csv/images/img-2/img_178.jpg,9
data/csv/images/img-2/img_179.jpg,9
data/csv/images/img-2/img_180.jpg,9
data/csv/images/img-2/img_181.jpg,9
data/csv/images/img-2/img_182.jpg,9
data/csv/images/img-2/img_183.jpg,9
data/csv/images/img-2/img_184.jpg,9
data/csv/images/img-2/img_185.jpg,9
data/csv/images/img-2/img_186.jpg,9
data/csv/images/img-2/img_187.jpg,9
data/csv/images/img-2/img_188.jpg,9
data/csv/images/img-2/img_189.jpg,9
data/csv/images/img-2/img_190.jpg,9
data/csv/images/img-2/img_191.jpg,9
data/csv/images/img-2/img_192.jpg,9
data/csv/images/img-2/img_193.jpg,9
data/csv/images/img-2/img_194.jpg,9
data/csv/images/img-2/img_195.jpg,9
data/csv/images/img-2/img_196.jpg,9
data/csv/images/img-2/img_197.jpg,9
data/csv/images/img-2/img_198.jpg,9
data/csv/images/img-2/img_199.jpg,9
data/csv/images/img-2/img_200.jpg,9
data/csv/images/img-2/img_201.jpg,0
data/csv/images/img-2/img_202.jpg,0
data/csv/images/img-2/img_203.jpg,0
data/csv/images/img-2/img_204.jpg,0
data/csv/images/img-2/img_205.jpg,0
data/csv/images/img-2/img_206.jpg,0
data/csv/images/img-2/img_207.jpg,0
data/csv/images/img-2/img_208.jpg,1
data/csv/images/img-2/img_209.jpg,1
data/csv/images/img-2/img_210.jpg,1
data/csv/images/img-2/img_211.jpg,1
data/csv/images/img-2/img_212.jpg,1
data/csv/images/img-2/img_213.jpg,1
data/csv/images/img-2/img_214.jpg,2
data/csv/images/img-2/img_215.jpg,2
data/csv/images/img-2/img_216.jpg,2
data/csv/images/img-2/img_217.jpg,2
data/csv/images/img-2/img_218.jpg,2
data/csv/images/img-2/img_219.jpg,2
data/csv/images/img-2/img_220.jpg,3
data/csv/images/img-2/img_221.jpg,3
data/csv/images/img-2/img_222.jpg,3
data/csv/images/img-2/img_223.jpg,3
data/csv/images/img-2/img_224.jpg,3
data/csv/images/img-2/img_225.jpg,3
data/csv/images/img-2/img_226.jpg,4
data/csv/images/img-2/img_227.jpg,4
data/csv/images/img-2/img_228.jpg,4
data/csv/images/img-2/img_229.jpg,4
data/csv/images/img-2/img_230.jpg,4
data/csv/images/img-2/img_231.jpg,4
data/csv/images/img-2/img_232.jpg,5
data/csv/images/img-2/img_233.jpg,5
data/csv/images/img-2/img_234.jpg,5
data/csv/images/img-2/img_235.jpg,5
data/csv/images/img-2/img_236.jpg,5
data/csv/images/img-2/img_237.jpg,5
data/csv/images/img-2/img_238.jpg,6
data/csv/images/img-2/img_239.jpg,6
data/csv/images/img-2/img_240.jpg,6
data/csv/images/img-2/img_241.jpg,6
data/csv/images/img-2/img_242.jpg,6
data/csv/images/img-2/img_243.jpg,6
data/csv/images/img-2/img_244.jpg,7
data/csv/images/img-2/img_245.jpg,7
data/csv/images/img-2/img_246.jpg,7
data/csv/images/img-2/img_247.jpg,7
data/csv/images/img-2/img_248.jpg,7
data/csv/images/img-2/img_249.jpg,7
data/csv/images/img-2/img_250.jpg,7
data/csv/images/img-2/img_251.jpg,8
data/csv/images/img-2/img_252.jpg,8
data/csv/images/img-2/img_253.jpg,8
data/csv/images/img-2/img_254.jpg,8
data/csv/images/img-2/img_255.jpg,8
data/csv/images/img-2/img_256.jpg,8
data/csv/images/img-2/img_257.jpg,9
data/csv/images/img-2/img_258.jpg,9
data/csv/images/img-2/img_259.jpg,9
data/csv/images/img-2/img_260.jpg,9
data/csv/images/img-2/img_261.jpg,9
data/csv/images/img-2/img_262.jpg,9
data/csv/images/img-2/img_263.jpg,0
data/csv/images/img-2/img_264.jpg,0
data/csv/images/img-2/img_265.jpg,0
data/csv/images/img-2/img_266.jpg,0
data/csv/images/img-2/img_267.jpg,0
data/csv/images/img-2/img_268.jpg,0
data/csv/images/img-2/img_269.jpg,0
data/csv/images/img-2/img_270.jpg,0
data/csv/images/img-2/img_271.jpg,0
data/csv/images/img-2/img_272.jpg,0
data/csv/images/img-2/img_273.jpg,1
data/csv/images/img-2/img_274.jpg,1
data/csv/images/img-2/img_275.jpg,1
data/csv/images/img-2/img_276.jpg,1
data/csv/images/img-2/img_277.jpg,1
data/csv/images/img-2/img_278.jpg,1
data/csv/images/img-2/img_279.jpg,1
data/csv/images/img-2/img_280.jpg,1
data/csv/images/img-2/img_281.jpg,1
data/csv/images/img-2/img_282.jpg,1
data/csv/images/img-2/img_283.jpg,2
data/csv/images/img-2/img_284.jpg,2
data/csv/images/img-2/img_285.jpg,2
data/csv/images/img-2/img_286.jpg,2
data/csv/images/img-2/img_287.jpg,2
data/csv/images/img-2/img_288.jpg,2
data/csv/images/img-2/img_289.jpg,2
data/csv/images/img-2/img_290.jpg,2
data/csv/images/img-2/img_291.jpg,2
data/csv/images/img-2/img_292.jpg,2
data/csv/images/img-2/img_293.jpg,3
data/csv/images/img-2/img_294.jpg,3
data/csv/images/img-2/img_295.jpg,3
data/csv/images/img-2/img_296.jpg,3
data/csv/images/img-2/img_297.jpg,3
data/csv/images/img-2/img_298.jpg,3
data/csv/images/img-2/img_299.jpg,3
data/csv/images/img-2/img_300.jpg,3
data/csv/images/img-2/img_301.jpg,3
data/csv/images/img-2/img_302.jpg,3
data/csv/images/img-2/img_303.jpg,4
data/csv/images/img-2/img_304.jpg,4
data/csv/images/img-2/img_305.jpg,4
data/csv/images/img-2/img_306.jpg,4
data/csv/images/img-2/img_307.jpg,4
data/csv/images/img-2/img_308.jpg,4
data/csv/images/img-2/img_309.jpg,4
data/csv/images/img-2/img_310.jpg,4
data/csv/images/img-2/img_311.jpg,4
data/csv/images/img-2/img_312.jpg,4
data/csv/images/img-2/img_313.jpg,5
data/csv/images/img-2/img_314.jpg,5
data/csv/images/img-2/img_315.jpg,5
data/csv/images/img-2/img_316.jpg,5
data/csv/images/img-2/img_317.jpg,5
data/csv/images/img-2/img_318.jpg,5
data/csv/images/img-2/img_319.jpg,5
data/csv/images/img-2/img_320.jpg,5
data/csv/images/img-2/img_321.jpg,5
data/csv/images/img-2/img_322.jpg,5
data/csv/images/img-2/img_323.jpg,6
data/csv/images/img-2/img_324.jpg,6
data/csv/images/img-2/img_325.jpg,6
data/csv/images/img-2/img_326.jpg,6
data/csv/images/img-2/img_327.jpg,6
data/csv/images/img-2/img_328.jpg,6
data/csv/images/img-2/img_329.jpg,6
data/csv/images/img-2/img_330.jpg,6
data/csv/images/img-2/img_331.jpg,6
data/csv/images/img-2/img_332.jpg,6
data/csv/images/img-2/img_333.jpg,7
data/csv/images/img-2/img_334.jpg,7
data/csv/images/img-2/img_335.jpg,7
data/csv/images/img-2/img_336.jpg,7
data/csv/images/img-2/img_337.jpg,7
data/csv/images/img-2/img_338.jpg,7
data/csv/images/img-2/img_339.jpg,7
data/csv/images/img-2/img_340.jpg,7
data/csv/images/img-2/img_341.jpg,7
data/csv/images/img-2/img_342.jpg,7
data/csv/images/img-2/img_343.jpg,8
data/csv/images/img-2/img_344.jpg,8
data/csv/images/img-2/img_345.jpg,8
data/csv/images/img-2/img_346.jpg,8
data/csv/images/img-2/img_347.jpg,8
data/csv/images/img-2/img_348.jpg,8
data/csv/images/img-2/img_349.jpg,8
data/csv/images/img-2/img_350.jpg,8
data/csv/images/img-2/img_351.jpg,8
data/csv/images/img-2/img_352.jpg,8
data/csv/images/img-2/img_353.jpg,9
data/csv/images/img-2/img_354.jpg,9
data/csv/images/img-2/img_355.jpg,9
data/csv/images/img-2/img_356.jpg,9
data/csv/images/img-2/img_357.jpg,9
data/csv/images/img-2/img_358.jpg,9
data/csv/images/img-2/img_359.jpg,9
data/csv/images/img-2/img_360.jpg,9
data/csv/images/img-2/img_361.jpg,9
data/csv/images/img-2/img_362.jpg,9
